{
  "meta-llama/Llama-3.3-70B-Instruct-Turbo-Free": 1268.9465437298488,
  "meta-llama/Llama-4-Maverick-17B-128E-Instruct-FP8": 631.0534562701514,
  "deepseek-ai/DeepSeek-R1-Distill-Llama-70B-free": 550,
  "subject-1": 220
}