{
  "meta-llama/Llama-3.3-70B-Instruct-Turbo-Free": 1254.817967534103,
  "meta-llama/Llama-4-Maverick-17B-128E-Instruct-FP8": 645.1820324658972,
  "deepseek-ai/DeepSeek-R1-Distill-Llama-70B-free": 550,
  "subject-1": 220
}